id,target_popularity
9516,D
35906,D
20105,D
35214,E
3184,A
27646,D
10088,C
19949,C
13174,E
2364,E
2986,A
7331,E
10179,E
26793,C
29364,E
18227,A
462,E
20042,E
14886,B
33659,B
8004,E
20064,D
16878,E
19511,D
24457,E
20609,D
7661,E
5552,A
27407,D
28791,D
9146,C
19741,D
27823,D
22201,E
22789,A
20255,D
39555,E
16891,D
22609,D
737,D
17505,D
37329,D
30186,B
4053,D
9948,D
8204,B
38279,D
37480,D
21099,D
13081,D
20744,E
1581,B
28731,B
32275,D
34039,B
28763,D
20679,D
17826,B
20369,A
31740,E
22266,B
10691,A
37773,D
1048,D
3168,E
13712,E
35013,B
15774,C
2505,A
21007,E
9452,D
28452,A
3805,D
12110,D
19447,A
23063,A
27672,D
33340,B
19317,E
32854,B
32483,B
16862,A
23230,D
33671,C
5386,E
19828,D
25037,E
17197,D
17063,D
21083,E
26869,A
13004,C
14623,D
38448,D
21198,D
22939,D
8533,C
22316,E
29081,A
36632,D
11297,D
9800,C
14072,C
14978,C
31301,D
37021,C
11688,E
16064,E
15084,D
7743,B
25632,D
36611,D
38597,D
23090,B
35429,E
19454,B
37983,A
28932,D
11504,D
34297,A
25558,D
27943,B
3164,D
35765,C
4122,D
133,E
24524,E
27144,D
24811,D
34342,E
35125,D
22527,C
24924,E
39118,D
21379,C
39587,C
26955,C
19096,D
30612,A
15323,B
37735,C
28548,D
10518,C
20120,E
23867,E
33913,E
37475,C
9769,D
25636,E
24273,E
11149,D
351,D
25450,E
36371,C
24675,D
18434,C
18999,E
12210,D
3716,D
26068,E
34259,E
3605,D
18912,D
32027,B
24439,D
28236,D
37706,C
13448,D
16443,E
25369,D
4854,C
2471,D
12970,B
29558,E
31376,C
4328,D
31429,D
33626,E
4002,E
23243,B
17672,E
35420,D
37536,B
12279,B
1939,B
3623,C
14247,B
25228,E
2167,E
7144,C
10836,A
12263,D
20238,B
13345,E
6174,D
4243,D
8460,A
4357,D
11530,D
10372,C
6706,D
39147,D
29534,E
19845,E
11180,D
151,D
36639,D
6016,C
7466,E
11085,D
15662,C
4603,D
22636,D
6307,A
9246,D
39532,D
16192,D
16403,B
10298,D
9163,D
16824,C
1638,A
26533,D
18361,B
3122,D
27522,C
35322,E
8892,E
20053,B
14145,C
22062,D
23641,E
9503,D
28921,C
31057,C
659,A
5225,E
10416,B
15968,C
11692,C
27790,E
4810,E
14781,D
27444,B
12825,B
19595,D
1417,A
35468,D
30283,C
13990,D
5890,D
39474,D
19779,D
34060,C
29928,D
15959,D
5594,B
19287,C
4140,A
32420,D
23378,C
37310,B
13193,D
29780,A
37214,D
7302,E
34779,B
23817,D
26267,B
31961,E
20415,E
3542,D
3853,C
23366,D
1565,D
9386,E
20070,C
7345,D
18832,D
13966,D
38336,E
17005,D
13132,D
36141,C
35184,B
35915,D
36681,B
22397,B
6068,E
14489,C
2360,C
12273,B
7746,A
33992,B
7878,A
3437,A
29824,D
23653,D
26723,E
35778,E
31617,D
35460,B
28397,D
19650,C
29436,C
6871,C
11917,E
14587,D
11176,D
17075,B
27186,E
1633,A
12032,C
11808,D
21999,B
9481,D
34609,D
13597,D
26893,E
25671,E
2095,D
27069,D
7660,D
37094,E
16805,E
37092,C
33789,A
22184,E
19762,A
30885,D
11938,C
36530,C
23805,D
11891,E
23973,E
11136,D
20461,A
5117,C
10295,A
1544,D
25036,E
4521,E
318,D
22404,A
12958,D
1296,B
15470,D
20517,E
35718,A
25256,C
1704,D
19717,E
19180,C
25511,B
38798,D
29347,D
18796,B
36462,B
11943,B
13742,D
24091,B
26775,C
19058,C
31231,B
23045,E
6117,E
1104,A
35212,B
22720,A
33976,D
33844,C
19040,A
31173,C
3177,D
15179,D
21767,E
14010,C
24378,A
12728,C
17843,E
32032,E
9302,D
28628,D
8294,D
6907,E
1183,D
10806,D
27648,E
35995,A
33307,E
30565,B
18576,D
18583,D
30880,D
1888,D
19572,D
8629,D
34792,A
744,D
28352,D
13384,B
21138,E
4712,D
10514,E
7313,C
34710,C
30639,D
32922,D
26783,D
33610,C
34624,E
14791,E
9941,D
352,E
35939,D
24828,D
35295,D
29292,D
10074,E
12904,B
28534,A
34390,B
6544,B
10067,D
21740,B
23887,A
13294,D
32847,D
8331,D
35816,D
20282,D
13095,D
23299,D
11166,D
5112,E
37366,B
20593,D
14921,D
13202,D
36433,D
35737,E
5660,B
31000,A
36667,E
4088,E
160,E
5553,E
12329,D
20416,D
27554,A
25973,E
37588,D
7951,D
12191,B
3815,B
36803,E
36820,C
26940,E
3398,D
390,E
3115,E
5692,B
1419,E
14549,D
8170,E
17259,E
2775,D
15710,D
946,E
19181,B
25672,D
23853,A
26997,D
28272,E
32374,D
8325,D
39449,C
18900,C
18247,B
16332,D
25378,C
33643,E
34963,C
17257,B
34308,A
8836,D
14350,A
817,E
5257,A
37823,E
18537,B
6394,E
22279,E
10142,C
14396,D
243,A
37250,D
35690,C
5595,D
34384,A
11147,E
4713,E
17845,E
32541,E
11779,B
23613,B
8958,A
8618,D
16350,E
35746,A
39175,D
34598,D
9301,D
21640,B
38065,C
19596,C
35966,B
12107,D
12020,B
16572,D
16495,C
14519,C
27773,B
19923,E
26996,D
31344,D
10063,B
8656,B
27576,D
4962,D
1084,D
35834,C
16765,D
20491,E
4952,C
610,A
26323,D
14838,E
9959,A
29823,D
16285,C
38854,D
28852,D
22061,A
15780,B
7972,B
22373,D
17229,E
20959,A
24884,E
15933,D
8117,E
26686,D
31965,D
22474,B
21513,D
27693,E
5563,D
19594,E
1927,D
21276,D
15897,C
20566,D
32253,E
24411,B
2897,C
14990,B
5051,C
1291,C
14149,B
6978,D
7224,E
27164,D
30424,B
17626,E
9156,C
35896,E
13172,D
37635,E
15916,D
30884,B
30499,E
18766,E
982,A
25792,E
17222,E
20484,C
37150,E
6746,D
36652,D
36754,B
28952,B
12470,D
20926,C
24633,C
3960,D
8104,C
7040,B
33094,B
26594,C
10097,C
33484,E
12523,C
29976,E
823,D
38204,E
1972,A
5497,C
18670,C
26322,C
11485,D
536,C
31075,D
12041,D
15758,C
9669,C
19049,C
36558,A
24577,D
33887,D
22478,D
27279,D
17935,C
5244,E
32722,A
9345,D
21010,B
11441,C
25961,B
33465,B
25413,E
645,D
6476,E
4500,E
29737,B
4367,B
32233,C
31394,D
31918,D
20382,B
33174,D
10239,B
31261,A
19491,C
1277,B
12766,B
14992,D
24749,D
5750,B
24102,E
33238,C
7554,E
24700,B
25582,E
9921,C
5191,A
19297,C
5748,D
11970,C
16034,B
32914,C
34459,D
12103,C
37907,C
15473,E
10039,D
13714,D
1195,C
26256,B
28204,B
12585,D
23306,D
29028,D
29380,A
38359,E
34104,D
14314,E
15383,D
17402,B
5248,C
34905,D
18712,D
20858,D
5504,D
18011,E
17340,D
15413,D
14432,D
23397,C
9744,E
10402,E
22051,C
18872,E
12705,D
4061,B
11835,E
30403,A
22129,D
32256,E
9054,D
31579,E
33782,D
4960,E
10394,B
21879,D
10866,A
36107,D
10184,D
9635,A
4754,D
19847,E
26711,D
24248,E
11380,D
1278,B
13229,D
13723,C
26998,E
33541,D
599,D
3684,B
21105,D
29782,B
39166,E
24538,D
3460,D
4226,C
20972,E
35314,B
5036,E
23421,D
9469,E
2606,E
36800,B
33103,E
7410,E
31634,B
35027,C
22040,D
6388,D
17774,E
11841,D
31913,B
22369,B
19513,D
6515,D
37388,D
36291,D
38922,C
8135,E
205,C
13208,B
2584,C
1540,B
8134,E
8349,B
34715,C
4209,C
4843,C
17015,C
20065,E
31010,C
245,E
17519,E
18219,B
397,E
24887,D
35121,E
9205,E
30862,B
12897,D
31430,E
22512,E
21015,D
16049,E
29999,C
17973,E
2030,A
5745,B
20376,E
23585,D
16453,D
32463,B
19518,E
32091,B
7542,D
31384,E
32056,D
17557,E
13508,C
4740,E
22487,A
37844,D
28062,D
2146,D
19164,D
23159,B
33811,B
13698,A
38327,D
8411,E
3332,C
7290,B
25771,E
13758,D
24447,D
21991,D
5340,D
7321,D
2303,C
14837,D
5489,E
36942,D
11754,E
28124,B
29625,D
39568,E
23614,E
36416,D
31783,B
5839,D
25499,B
9353,C
30567,D
6182,C
34092,E
20645,A
3725,D
14282,B
5365,A
27929,D
38089,D
9260,A
22491,E
11262,D
3948,D
4950,D
4043,E
14952,D
7218,B
32964,E
7318,A
34328,D
33034,A
36650,D
21312,D
26875,D
17863,E
22194,C
10847,E
12616,B
35116,E
13796,D
35951,C
15907,E
38573,E
11712,D
23539,C
28174,C
925,C
2384,B
13058,E
10449,C
13131,D
39494,C
172,D
39059,C
7460,B
32789,A
31477,E
13612,B
7371,D
1637,A
39098,C
38552,E
2018,C
1203,A
16304,E
36557,D
16506,D
120,B
35881,B
28363,A
12621,A
31427,B
11726,E
32104,D
33730,B
5200,E
14714,D
15755,C
29645,D
16364,E
14060,C
23337,D
27281,E
13838,C
24234,D
31318,E
13761,B
33231,E
7528,E
28822,A
6247,E
38770,D
34956,D
11022,E
33220,E
36890,B
28528,D
23602,E
5234,C
8640,D
13739,C
256,E
35984,E
7797,A
26380,B
35465,E
21544,D
17976,C
29319,D
30032,B
6011,C
17012,E
14914,E
22353,E
5825,D
21562,B
1091,D
36162,A
18513,A
3167,E
26129,D
23984,C
28605,D
32841,D
2541,A
24168,D
10148,E
23642,B
7947,A
23315,C
36757,C
4037,E
24978,B
22538,A
34798,E
14340,D
7185,D
31425,E
13784,C
19567,C
9925,D
14904,A
3080,D
7504,A
15321,E
33663,A
21515,D
1785,E
15784,C
22471,C
2152,D
36941,B
3266,D
13426,C
36736,D
867,C
26861,E
28340,E
36722,E
23328,D
34892,A
26506,E
22463,E
27741,C
35875,A
5900,C
39461,D
14341,E
8216,D
3071,B
22804,B
7498,D
13509,D
4228,B
7901,E
1530,C
31432,B
26324,E
35092,E
4142,E
28414,E
5260,B
10534,E
13522,E
23074,C
13786,D
16224,D
9701,C
5414,E
22592,C
33196,D
5969,D
1400,E
29509,E
3021,D
19766,E
5665,D
584,A
8771,E
4520,D
26264,C
1230,B
27307,B
21257,E
12929,D
23451,B
3204,D
22515,E
21299,E
26710,D
39214,C
27766,A
31677,A
32687,E
23530,C
22905,D
14194,B
33673,D
24172,D
1442,D
4762,B
17476,E
35855,A
9671,D
26057,D
10103,D
16001,E
11486,C
440,C
18242,E
35989,D
25361,D
26049,A
21663,E
33720,C
3861,D
580,E
22456,E
1266,A
29096,C
6646,E
39551,D
30206,D
16899,D
16731,D
13556,D
24628,D
36846,B
2865,B
28978,B
19622,E
19404,E
16806,A
26659,D
19870,A
14013,D
17338,C
27083,D
6360,C
9704,B
19543,E
262,A
4599,D
26336,D
38467,E
27086,C
9835,A
35368,E
19531,B
10217,D
20660,E
2690,D
15002,D
32916,C
6601,B
3462,D
8252,A
24822,B
34889,C
18145,C
14951,C
32404,C
23695,D
24081,D
466,D
36131,D
14892,B
28207,B
11103,A
7233,D
11259,E
16792,C
34706,D
24878,D
22840,C
12593,E
19453,A
24737,D
38685,D
12339,A
25844,D
23495,E
26414,C
21547,E
1489,C
3612,C
37348,C
32214,E
30506,C
35641,B
5366,B
33497,C
16890,E
14959,D
12135,D
37556,C
11783,B
11875,E
29111,D
38768,D
4257,D
12162,D
3613,D
27408,B
32151,B
23893,E
432,C
2958,E
20301,C
3887,B
37236,C
27263,E
3340,B
10921,A
32868,B
2883,D
2679,D
16509,D
38840,D
34528,E
8112,D
36270,E
9896,E
17827,C
1816,E
17293,D
18043,E
4395,E
18257,D
15406,E
2224,E
27852,E
20058,C
29503,B
23712,A
639,D
16609,B
36297,B
18444,E
17546,D
37467,D
35922,D
28712,A
12068,D
19812,D
3668,A
38054,D
34709,A
12506,B
20731,C
14349,A
31609,E
22561,E
9850,D
21067,E
39011,E
20954,C
18151,D
2982,E
13606,D
30510,E
9608,E
11314,E
32986,B
3627,D
37685,A
38261,D
20752,D
2229,A
17270,C
4654,D
24202,E
21583,C
9192,E
4686,A
4825,D
37347,C
16133,B
5558,E
9929,D
13017,C
1992,C
2273,C
22782,D
13443,C
35571,E
24536,E
37873,D
125,D
37140,A
14721,C
30136,E
11416,C
2155,E
23554,E
22752,C
18514,D
39421,B
21222,D
2602,C
26091,E
27937,D
14658,B
35947,A
36241,E
32692,B
23876,C
32314,D
12322,B
6136,D
3456,E
13831,E
24578,B
29061,E
24855,A
6600,A
29155,E
9267,E
35471,D
9760,C
16598,C
6606,B
11720,B
10273,D
18147,D
3103,C
8534,C
33075,D
25050,C
4210,D
33881,B
3615,B
15524,A
1991,D
8355,D
10743,D
38468,B
10533,B
21821,D
16387,D
14874,C
10536,D
10999,B
3209,D
21585,D
1824,E
37793,D
12551,C
21132,E
33604,D
36978,D
9971,E
5837,A
9679,D
17450,B
11362,E
7014,E
8409,D
26999,E
37554,A
20332,E
3732,B
1464,A
38668,D
28359,E
24944,D
34995,E
11029,D
21179,D
14510,D
22897,D
18791,C
8088,E
15035,E
3384,B
23610,E
33996,D
16464,D
21642,A
25721,A
28185,D
8697,E
25096,E
21412,D
15997,C
10701,D
31613,C
27778,E
7496,C
34220,B
34448,D
38140,E
23202,D
20940,D
31218,D
14434,D
2270,A
24773,D
35761,C
24445,A
15561,E
31567,C
39085,D
9378,E
26973,E
18032,D
24930,D
29632,D
2564,C
20557,A
16524,E
19902,B
21042,D
19843,D
22031,D
27706,D
15493,E
11374,E
13678,D
9038,B
19916,C
8838,C
37073,A
27608,E
38527,E
7890,B
1805,D
39499,D
33760,A
31545,D
32607,D
38728,B
14633,C
24371,D
27621,B
33856,D
2041,B
15409,C
6768,E
5152,A
5651,E
39019,D
19919,D
6379,E
4731,C
25403,B
36888,D
38595,C
14701,C
26745,E
5549,D
16051,D
20287,C
18123,D
22918,D
18238,B
2336,E
7791,B
14724,E
38427,D
19266,D
11402,E
13157,D
11897,B
4190,A
25198,D
33496,D
30919,A
1481,D
20564,E
17097,D
2207,E
33935,B
16161,E
24889,D
26903,C
27710,E
17744,D
24955,D
16855,C
3846,D
495,E
14539,D
22231,D
25827,D
26200,C
32856,E
8899,C
22821,B
25430,B
2841,E
26268,B
17869,A
38081,D
19369,E
15491,E
18697,D
15149,D
31569,C
12563,B
37113,A
31449,A
17604,E
35530,E
33310,B
34068,D
30245,E
30970,E
9813,C
35598,E
1311,A
13087,C
32386,E
38405,B
7503,C
8496,A
4548,A
28843,D
1123,D
572,E
9693,E
7996,D
17813,C
25345,E
10529,D
25536,B
13262,D
20685,D
6896,E
39151,D
8644,E
23336,D
28957,D
3772,B
849,E
33383,E
9440,B
38423,E
31949,D
22556,A
32405,C
38051,C
18332,E
17538,D
16793,E
13295,D
19283,E
19387,E
22714,E
2742,D
25368,E
3467,D
10181,D
11906,C
23102,C
15230,B
31541,D
30239,E
26618,C
5331,C
3700,C
7924,A
31622,D
21403,D
38495,D
24208,E
11190,D
27994,E
6464,C
19468,D
24113,D
38667,E
23363,C
28663,D
12265,B
17868,C
19508,D
14845,E
27565,B
35673,C
525,D
6943,D
29215,E
23015,E
35416,E
5793,D
10476,A
3012,E
2233,E
4760,C
30905,D
21936,A
6752,E
15498,D
20062,C
32001,B
15504,C
31244,C
23625,B
15696,D
3934,E
22970,B
24063,A
31531,E
14413,D
13779,C
29203,A
13304,C
37334,D
21346,A
14020,C
20116,C
31850,E
16003,E
4848,E
13392,B
8211,E
31941,E
13620,C
29708,E
3802,E
32550,E
12421,B
10188,C
26930,D
24750,E
3550,D
26736,D
38516,A
7261,D
39169,E
18612,E
3148,D
2657,D
36473,C
22936,B
18886,D
16920,E
34100,D
6378,B
5082,C
32358,D
32378,E
11599,D
11548,D
18852,E
27658,E
28810,A
27644,D
8775,D
30293,D
16493,C
35281,D
17974,E
26403,A
6299,C
8191,C
11387,C
34086,C
12789,B
15934,A
13432,C
1870,D
13187,E
29563,B
25310,D
29458,C
19141,C
16518,A
11719,C
23524,D
34245,D
28180,C
5339,E
17595,E
26493,C
14320,D
9229,C
23863,B
24815,D
3530,A
6738,C
5567,E
34822,E
38148,B
28611,E
28988,D
35277,E
13070,E
20692,C
8490,C
34385,B
20101,D
26252,A
2296,D
17762,B
9982,D
24965,E
17221,A
14588,C
34568,E
33099,E
12900,E
38401,E
829,C
23205,C
10744,C
21609,E
31683,D
8371,C
11877,D
37344,E
4644,C
1500,E
4461,E
39134,D
14504,E
3840,E
25091,B
17271,D
211,E
28039,D
25513,D
32664,B
8657,B
32721,C
837,B
19814,C
39143,A
28962,D
4274,E
27214,B
10627,C
23466,B
2268,D
18182,E
22572,E
23093,E
7682,C
12868,D
29290,E
30877,D
6225,E
30353,D
8319,E
27808,C
10356,D
32474,D
2137,E
28617,A
36000,D
4889,D
30665,A
2126,D
29356,C
2235,D
21461,D
23990,A
11866,D
32269,C
23717,A
35069,D
10821,C
33945,B
19723,D
24104,B
34795,C
3835,A
8405,E
34359,D
22540,B
1896,E
30722,C
37516,A
1776,D
28327,E
12387,D
22930,B
25984,C
34874,E
13162,D
27669,D
4389,B
22935,B
8289,B
2648,B
39034,C
38098,D
17675,C
29035,D
29022,C
10401,A
33718,B
38705,D
15821,E
485,D
11521,E
36972,E
24249,D
1854,D
24434,D
8554,B
12173,C
29427,E
22494,C
26571,D
21428,D
34633,D
8394,D
6124,D
29809,D
4906,C
38032,B
25264,E
23095,E
39501,B
20813,D
7341,E
9956,D
11013,A
10971,E
28717,E
1714,D
26269,B
6605,E
2306,E
17968,E
25787,D
12892,E
30852,E
30363,E
27603,D
33822,B
24124,D
27743,D
38272,E
5961,D
28789,D
5284,D
35862,E
807,E
16189,A
9862,D
12795,C
799,C
8163,E
6322,E
38147,D
27100,D
5298,D
23362,E
26467,B
10375,B
39161,D
30267,E
4525,A
2388,B
25571,D
21677,C
18630,D
15412,D
3085,C
18840,E
7785,E
27749,D
15788,D
5264,B
9297,D
3191,D
29848,C
13626,B
34481,C
23268,D
2630,D
26154,E
15953,D
36493,E
23682,C
28725,D
33246,D
14648,D
24440,C
9664,E
14836,D
17723,D
8597,C
8754,C
12767,D
24016,A
32232,D
11751,C
36781,E
32632,B
19522,E
6881,D
16999,D
8051,B
19887,D
26312,B
5640,D
6767,D
31973,C
1528,B
32265,D
2817,D
29413,D
10908,D
7776,B
2484,C
39120,B
4072,B
25183,A
33662,B
28017,A
29610,D
4707,D
3778,C
38716,B
39453,B
17718,C
12044,E
22703,D
18097,A
19665,C
17170,D
14690,E
39211,C
21388,A
10944,E
18496,B
5912,D
21660,E
37651,B
14115,C
32698,B
35760,D
31002,B
10539,E
35438,B
15044,C
9304,D
26101,D
1813,C
2808,D
21471,E
2536,A
26992,E
23696,C
2890,B
29243,A
21274,E
18431,D
18055,D
9043,E
19776,A
33710,D
26473,D
11834,C
6864,C
14199,B
27026,E
9277,E
7036,D
8540,E
6303,E
16659,D
33266,D
30657,D
13385,A
6780,D
4133,C
18555,E
33568,D
5838,E
6103,D
36333,E
28133,E
38885,D
14719,E
24617,C
25634,A
29205,D
23388,E
15642,D
12496,D
14121,E
28715,A
25257,C
10897,D
25990,E
16555,D
13949,B
9773,B
39244,A
19331,E
35724,C
33037,B
8500,D
22402,D
2293,D
4381,D
597,B
35851,C
17979,A
1128,C
30976,B
8023,D
16197,D
5373,E
11391,C
37105,C
25848,E
31164,B
24392,A
11598,B
10904,C
19950,E
17796,C
38551,B
18270,D
30727,B
3300,C
31166,A
22000,A
16195,B
13854,E
17521,D
4649,C
38848,E
18512,E
26466,D
27046,C
15190,D
32434,B
1632,D
33518,C
32540,B
13493,B
18870,B
1641,D
22161,A
20874,E
36544,C
17810,C
26755,D
21743,E
12405,B
27131,B
10742,D
22017,C
19011,D
14026,E
26682,D
15093,C
23650,D
37565,B
21570,E
11386,E
263,B
1967,C
5447,B
29101,C
35300,D
6102,D
7468,D
34532,E
13660,E
3208,B
1223,A
28258,E
2425,E
25580,A
7350,C
39045,E
19922,D
23241,A
29541,D
17083,D
2515,E
22380,D
8661,D
18619,E
29424,D
30001,A
13807,D
32051,C
32646,D
23871,D
32389,C
37851,B
1558,D
28297,D
35800,C
7611,D
10955,A
28083,D
2592,C
23012,A
3127,D
17649,D
13526,B
21032,E
5518,D
2911,D
16449,B
35592,D
29892,C
26679,E
28356,C
10246,B
21269,B
7859,C
21908,B
12447,C
34915,A
21452,E
35605,B
34260,A
25321,C
35653,D
32741,D
19325,B
13826,E
24867,D
7282,B
36547,E
15456,B
25156,D
22180,C
27925,D
16107,B
25352,D
10616,A
26370,C
29060,E
276,C
23128,E
17008,E
23752,D
26538,D
37383,C
26208,A
32992,C
32192,C
14296,C
34088,A
31315,E
10400,E
34374,E
33394,E
21110,C
37526,E
27341,D
25937,C
36375,E
30360,D
34472,E
11703,D
19675,D
27348,E
647,C
20188,C
25056,D
27737,B
29850,E
2652,C
9434,D
26675,C
999,E
5657,D
20033,D
8952,E
12462,B
5508,A
15078,B
18116,B
37862,A
24406,D
27540,E
30524,D
21809,E
24212,C
12418,D
37795,E
24775,A
34752,C
19022,A
10166,E
11748,D
39072,D
19217,E
17032,E
30845,B
17262,C
620,B
22972,D
31803,E
39084,E
21352,C
21796,C
21981,A
17901,C
30528,B
32418,D
4709,E
922,E
34959,C
6349,C
6517,B
28907,A
11809,C
8991,D
39612,D
3350,D
2279,A
19295,E
34007,D
26721,D
32851,E
15586,D
30504,D
37142,A
30357,E
8585,B
35362,B
26022,B
23226,A
31834,D
5514,B
34130,E
10799,C
18944,D
15958,E
29146,D
36537,D
2284,E
31190,B
20845,D
23260,D
17025,E
11051,E
21325,D
34708,B
24048,E
31564,C
22490,A
30086,D
9758,E
30193,C
13182,C
20237,A
14152,D
30427,E
25938,D
6884,D
6735,E
34895,E
33426,E
21041,A
10414,C
14578,C
36900,A
35914,A
23075,E
15804,C
4674,C
8623,B
8615,C
29994,E
32158,D
36487,C
1347,C
1158,B
12583,D
3286,E
24894,A
35170,D
7860,A
28488,B
12070,D
9607,B
32947,A
14981,C
2571,A
16541,B
18036,B
18556,E
27825,D
37790,D
30557,A
16570,D
15139,A
16883,B
31123,B
7320,D
35498,D
36718,A
28745,E
10137,C
26239,D
5523,E
35550,D
23450,E
37654,B
9910,D
6532,D
30309,E
29515,B
24467,E
6741,E
16014,E
27570,D
29083,D
34548,E
25240,D
22135,E
9928,E
7493,D
26562,A
2856,E
603,B
34153,D
32957,D
1875,D
30801,C
6760,C
21688,D
8016,D
27566,E
9078,B
22139,B
8352,D
36578,B
1121,D
4954,B
26079,D
6420,D
34923,D
22772,E
38557,A
9737,D
29525,E
12034,E
23891,B
17577,C
9284,D
20337,E
26652,D
30114,A
8575,D
1773,B
35493,D
12385,D
17416,D
1235,E
14132,B
24465,A
2681,D
78,B
3355,D
9029,D
11071,E
11134,D
13370,D
4689,B
2694,E
22623,D
3348,C
18283,B
4448,B
23710,B
10962,E
26386,E
23138,A
15739,A
30951,E
32045,C
6707,E
2066,C
21705,D
19521,D
2762,D
12881,D
29296,D
18301,B
8146,B
23463,C
9510,E
2720,D
17230,B
17301,D
9546,E
18487,C
4902,D
16709,D
33759,C
36939,B
11762,D
10313,E
13578,E
20016,D
25007,A
14684,D
15440,B
21882,D
15573,C
8458,E
16129,D
34421,E
16633,D
33138,D
11406,B
8188,D
9871,E
33974,E
26191,C
1004,D
38474,B
34590,C
16479,D
38764,C
9408,B
37941,D
14770,C
25271,D
8645,A
23329,C
35199,E
18109,C
38748,E
27788,D
34975,D
335,D
8079,C
7364,D
31675,E
28690,B
28543,D
30319,E
15204,D
9230,D
767,D
1976,D
2240,D
18040,B
648,D
34410,E
14971,D
32327,D
29898,E
31744,A
4401,D
3187,E
21696,D
30075,E
36288,D
20601,E
6074,D
24960,D
30258,D
11925,E
34549,B
17207,C
37925,E
33011,D
24340,B
8780,E
26525,E
12678,C
13671,C
36832,E
17703,D
8715,E
26766,E
450,E
36922,C
14682,C
36486,E
3838,D
7653,D
34298,E
11860,D
21644,B
1450,C
35898,B
21613,C
24903,D
26423,E
35668,E
4907,E
20998,B
754,E
34261,A
28349,D
20499,E
20615,D
2277,E
25766,D
25229,B
23067,E
22037,B
13393,E
21601,B
30674,D
17670,C
2852,D
20756,D
32291,D
10978,B
37509,C
21209,B
15654,B
14863,C
35852,D
7279,C
2867,E
21587,D
16293,D
24986,C
1241,E
16433,C
5046,C
3039,E
12317,A
4003,C
10602,B
33147,D
7132,C
27097,E
15236,D
4787,A
33343,E
20986,D
33366,C
34893,E
22682,E
35837,C
896,B
3839,D
30323,D
20878,E
27510,A
34175,D
32026,E
37332,D
25161,D
9080,D
31370,D
4476,D
23330,C
30649,D
37616,C
9480,D
1506,E
23025,E
35608,E
14974,C
6786,A
1484,D
37175,E
6413,C
10568,A
34969,A
13663,A
10281,D
8069,A
23923,D
